,From,Position,To,Type.CTRL,CTRL,CTRL.2,CTRL.3,CTRL.4,Type,EXPT,EXPT.2,EXPT.3,EXPT.4,LocusTag
337,G,471845,A,0,0.0,0.0,0.0,0.0,SNP,100.0,100.0,100.0,100.0,SPT_RS02525
354,C,953921,T,0,0.0,0.0,0.0,0.0,SNP,89.3998623,94.6148396,76.154089,82.8652859,SPT_RS04985
358,A,1099899,G,0,0.0,0.0,0.0,0.0,SNP,88.85831830000001,100.0,70.9142685,79.71687320000001,
365,G,1289722,T,0,0.0,0.0,0.0,0.0,SNP,100.0,100.0,100.0,100.0,SPT_RS06705
367,A,1325956,G,0,0.0,0.0,0.0,0.0,SNP,100.0,100.0,100.0,100.0,SPT_RS06925
