,From,Position,To,Type.CTRL,CTRL,CTRL.2,CTRL.3,CTRL.4,Type,EXPT,EXPT.2,EXPT.3,EXPT.4,LocusTag
317,C,953921,T,0,0.0,0.0,0.0,0.0,SNP,6.5105438200000005,0.0,0.0,100.0,SPT_RS04985
318,G,953932,A,0,0.0,0.0,0.0,0.0,SNP,86.6294384,0.0,13.0703449,0.0,SPT_RS04985
323,G,1255758,A,0,0.0,0.0,0.0,0.0,SNP,92.2889709,0.0,0.0,0.0,
324,G,1289722,T,0,0.0,0.0,0.0,0.0,SNP,100.0,100.0,81.5162182,100.0,SPT_RS06705
350,C,953921,A,0,0.0,0.0,0.0,0.0,SNP,0.0,100.0,76.26242640000001,0.0,SPT_RS04985
357,G,1246667,A,0,0.0,0.0,0.0,0.0,SNP,0.0,100.0,0.0,0.0,SPT_RS06500
395,A,631355,G,0,0.0,0.0,0.0,0.0,SNP,0.0,0.0,0.0,100.0,
