,From,Position,To,Type.CTRL,CTRL,CTRL.2,CTRL.3,CTRL.4,Type,EXPT,EXPT.2,EXPT.3,EXPT.4,LocusTag
313,G,545453,T,0,0.0,0.0,0.0,0.0,SNP,100.0,100.0,100.0,91.1428928,SPT_RS02905
321,C,1208345,A,0,0.0,0.0,0.0,0.0,SNP,100.0,100.0,100.0,88.89865879999999,SPT_RS06300
