,From,Position,To,Type.CTRL,CTRL,CTRL.2,CTRL.3,CTRL.4,Type,EXPT,EXPT.2,EXPT.3,EXPT.4,LocusTag
898,C,333004,T,0,0.0,0.0,0.0,0.0,SNP,19.451189,0.0,91.9109344,5.19490242,SP_0358
911,C,800935,A,0,0.0,0.0,0.0,0.0,SNP,100.0,100.0,92.872715,100.0,SP_0855
913,G,1149617,T,0,0.0,0.0,0.0,0.0,SNP,93.1510925,0.0,92.7461147,66.0887241,SP_1219
916,G,1442712,T,0,0.0,0.0,0.0,0.0,SNP,77.1660328,100.0,10.0793362,100.0,SP_1530
1053,C,205368,T,0,0.0,0.0,0.0,0.0,SNP,0.0,86.0340595,0.0,0.0,SP_0232
1060,G,1149617,A,0,0.0,0.0,0.0,0.0,SNP,0.0,100.0,0.0,0.0,SP_1219
1129,T,1387561,C,0,0.0,0.0,0.0,0.0,SNP,0.0,0.0,5.441617969999999,75.9104729,SP_1474
1130,C,1565034,T,0,0.0,0.0,0.0,0.0,SNP,0.0,0.0,86.3149643,0.0,SP_1665
1155,A,1984846,13,0,0.0,0.0,0.0,0.0,DEL,0.0,0.0,5.37867901,77.2280526,
