,From,Position,To,Type.CTRL,CTRL,CTRL.2,CTRL.3,CTRL.4,Type,EXPT,EXPT.2,EXPT.3,EXPT.4,LocusTag
910,G,250405,T,0,0.0,0.0,0.0,0.0,SNP,71.263361,33.2222462,0.0,0.0,SP_0273
914,C,333004,T,0,0.0,0.0,0.0,0.0,SNP,78.5251617,89.118576,76.0473728,0.0,SP_0358
963,C,1644896,A,0,0.0,0.0,0.0,0.0,SNP,63.169097900000004,29.181528099999998,0.0,0.0,
1069,C,1416957,T,0,0.0,0.0,0.0,0.0,SNP,0.0,39.506244699999996,84.3420029,74.3957043,SP_1508
1115,C,1792963,A,0,0.0,0.0,0.0,0.0,SNP,0.0,43.6429024,79.4802189,0.0,SP_1888
1116,C,1804233,1,0,0.0,0.0,0.0,0.0,DEL,0.0,32.9409122,78.048563,0.0,SP_1897
1117,T,1804235,G,0,0.0,0.0,0.0,0.0,SNP,0.0,33.5746288,79.344368,0.0,SP_1897
1118,C,1804236,A,0,0.0,0.0,0.0,0.0,SNP,0.0,34.0188503,79.08344269999999,0.0,SP_1897
1119,C,1804237,G,0,0.0,0.0,0.0,0.0,SNP,0.0,32.8644753,78.386879,0.0,SP_1897
