,From,Position,To,Type.CTRL,CTRL,CTRL.2,CTRL.3,CTRL.4,Type,EXPT,EXPT.2,EXPT.3,EXPT.4,LocusTag
908,C,324306,T,0,0.0,0.0,0.0,0.0,SNP,100.0,100.0,100.0,100.0,SP_0350
926,G,1001392,A,0,0.0,0.0,0.0,0.0,SNP,100.0,0.0,100.0,0.0,SP_1067
1007,A,1001393,G,0,0.0,0.0,0.0,0.0,SNP,0.0,78.0936718,0.0,29.688119899999997,SP_1067
1008,G,1422415,A,0,0.0,0.0,0.0,0.0,SNP,0.0,72.5399017,0.0,24.9161243,
